Wall time,Step,Value
1667839856.9883492,599,0.7826007604598999
1667839870.6402726,1199,0.7986908555030823
1667839884.2813053,1799,0.8058493137359619
1667839898.464485,2399,0.8146897554397583
1667839912.2571,2999,0.8223827481269836
1667839926.0536988,3599,0.8289674520492554
1667839939.7577631,4199,0.8345481157302856
1667839953.3660583,4799,0.8399462699890137
1667839967.0603554,5399,0.8440274596214294
1667839980.7164605,5999,0.8472481369972229
1667839994.3000214,6599,0.8510555028915405
1667840008.0962367,7199,0.854771614074707
1667840021.707919,7799,0.8585138320922852
1667840035.3840268,8399,0.8605479001998901
1667840049.025255,8999,0.8634946942329407
1667840062.748743,9599,0.8667544722557068
1667840076.4884367,10199,0.8676802515983582
1667840090.0730145,10799,0.8710964322090149
1667840103.8145554,11399,0.8718788027763367
1667840117.4778132,11999,0.8745778799057007
1667840131.0737312,12599,0.8755297064781189
1667840144.5956864,13199,0.8777072429656982
1667840158.2652855,13799,0.8787112236022949
1667840171.8461525,14399,0.8799108266830444
1667840185.5180528,14999,0.8818275332450867
1667840199.104227,15599,0.8815667629241943
1667840212.8400114,16199,0.883522629737854
1667840226.4980974,16799,0.8848265409469604
1667840240.0857325,17399,0.8859609365463257
1667840253.60184,17999,0.8867563009262085
1667840267.203798,18599,0.888451337814331
1667840280.8453221,19199,0.8886599540710449
1667840294.5438294,19799,0.8894683718681335
1667840308.3145177,20399,0.8917632699012756
1667840321.942571,20999,0.8919979929924011
1667840335.5432308,21599,0.8933539986610413
1667840349.1229284,22199,0.8942537307739258
1667840362.7026668,22799,0.8953750729560852
1667840376.2848911,23399,0.8946448564529419
1667840389.8677995,23999,0.8963921070098877
1667840403.55602,24599,0.8957010507583618
1667840417.048188,25199,0.8968484997749329
1667840430.5542932,25799,0.8972266316413879
1667840444.0057044,26399,0.8986999988555908
1667840457.6270778,26999,0.8996648788452148
1667840471.2961571,27599,0.8990650773048401
1667840484.8829079,28199,0.8998734951019287
1667840498.4907475,28799,0.90185546875
1667840512.0971084,29399,0.9004472494125366
1667840525.7604582,29999,0.9024161100387573
1667840539.4745026,30599,0.9032636880874634
1667840553.0467346,31199,0.9016990065574646
1667840566.5773218,31799,0.9030811190605164
1667840580.1762702,32399,0.9040199518203735
1667840593.73121,32999,0.9055324196815491
1667840607.3545628,33599,0.9043328762054443
